Topic_id,Topic,Polarity,Text
,,,"NINAUMURI,19.JINA,BOSJOHN"
,,,Jina lako ni Maimun? Kama liko sahihi jibu ujumbe huu kwa kutumia herufi A. Kama haliko sahihi tafadhali nitumie jina lako sahihi.
,,,"Je, GRAC watoa huduma wa afya walikuwa wasikivu kwako wakati wa uchunguzi? Tafadhali jibu herufi A kama ndiyo, au herufi B kama hapana, au herufi C kama usingependa kujibu swali hili."
,,,Habari yako Maimun? Natumaini u mzima wa afya. Punde nitakuhoji kwa ufupi kusaidia uboreshwaji wa huduma za afya. Huduma hii ni bure.
,,,"Maimun, wewe ni mjamzito kwa sasa? Kama ndiyo, jibu kwa kutumia  herufi A. Kama hapana tafadhali jibu kwa kutumia herufi B. Kama tayari umeshajifungua jibu kwa kutumia herufi C."
,,,"Je, Skitu watoa huduma wa afya walikuwa wasikivu kwako wakati wa uchunguzi? Tafadhali jibu herufi A kama ndiyo, au herufi B kama hapana, au herufi C kama usingependa kujibu swali hili."
,,,"SEHEM TSH 10,777,900"
,,,Jina lako ni SIAME? Kama liko sahihi jibu ujumbe huu kwa kutumia herufi A. Kama haliko sahihi tafadhali nitumie jina lako sahihi.
,,,Habari yako SIAME? Natumaini u mzima wa afya. Punde nitakuhoji kwa ufupi kusaidia uboreshwaji wa huduma za afya. Huduma hii ni bure.
,,,"SIAME, ujauzito wako una muda wa miezi 5? Kama uko sahihi jibu ujumbe huu kwa kutumia herufi A. Kama hauko sahihi tafadhali jibu kwa kutumia herufi B. Kama tayari umeshajifungua jibu kwa kutumia herufi C."
,,,Tafadhali Maimun niambie namba ya utambulisho ya kituo cha afya ulichokwenda (tarakimu saba).
,,, . Ubelgiji ni timu ya kwanza kufuzu kombe la Dunia kwenye bala  Ulaya 
,,,"Asante sana Maimun, sasa nitakuhoji jinsi matembezi yako kwenye kituo cha afya cha Isyesye (Mbeya) yalivyokuwa."
,,,"Je Maimun kabla hujajifungua, uliwahi kuelezwa kuhusu dalili za hatari kwa mtoto mchanga na huduma za dharura? Tafadhali jibu herufi A kama ndiyo au herufi B kama hapana."
,,,"Rebecca, wewe ni mjamzito kwa sasa? Kama ndiyo, jibu kwa kutumia  herufi A. Kama hapana tafadhali jibu kwa kutumia herufi B. Kama tayari umeshajifungua jibu kwa kutumia herufi C."
,,,"Rebecca, ujauzito wako una muda gani? Tafadhali jibu kwa kunitajia miezi ya ujauzito wako."
,,,"Asante sana GRAC. Nitaongea na wewe tena, kupata maoni yako kuhusu huduma za baadaye za kliniki utakazopata. Kumbuka kufuata ratiba uliyopewa ya kuhudhuria kliniki."
,,,"Asante sana SIAME, sasa nitakuhoji jinsi matembezi yako kwenye kituo cha afya cha Ilomba (Mbeya) yalivyokuwa."
,,,"Asante sana Skitu. Nitaongea na wewe tena, kupata maoni yako kuhusu huduma za baadaye za kliniki utakazopata. Kumbuka kufuata ratiba uliyopewa ya kuhudhuria kliniki."
,,,"Asante sana Rebecca, sasa nitakuhoji jinsi matembezi yako kwenye kituo cha afya cha Mwasenkwa (Mbeya) yalivyokuwa."
,,,"Je, SHALI watoa huduma wa afya walikuwa wasikivu kwako wakati wa uchunguzi? Tafadhali jibu herufi A kama ndiyo, au herufi B kama hapana, au herufi C kama usingependa kujibu swali hili."
,,,Asante kwa kunikumbusha talehe bado
,,,"Je, SIAME ulipewa dawa yoyote? Tafadhali jibu herufi A kama ndiyo au herufi B kama hapana."
,,,"Je, Rebecca ulipewa dawa yoyote? Tafadhali jibu herufi A kama ndiyo au herufi B kama hapana."
,,,"Asante sana Maimun. Nitaongea na wewe tena, kupata maoni yako kuhusu huduma za baadaye za kliniki utakazopata. Kumbuka kufuata ratiba uliyopewa ya kuhudhuria kliniki."
,,,"Mama, 3, 1059682"
,,,Karibu tena kwenye mpango wa Mama na Mwana LaurA. Nipo nasubiri kusikia jinsi matembezi yako kwenye kituo cha afya yalivyokuwa.
,,,Karibu tena kwenye mpango wa Mama na Mwana Mwanaida. Nipo nasubiri kusikia jinsi matembezi yako kwenye kituo cha afya yalivyokuwa.
,,,Jina lako ni Sofia? Kama liko sahihi jibu ujumbe huu kwa kutumia herufi A. Kama haliko sahihi tafadhali nitumie jina lako sahihi.
,,,Habari yako Sofia? Natumaini u mzima wa afya. Punde nitakuhoji kwa ufupi kusaidia uboreshwaji wa huduma za afya. Huduma hii ni bure.
,,,"Sofia, ujauzito wako una muda wa miezi 3? Kama uko sahihi jibu ujumbe huu kwa kutumia herufi A. Kama hauko sahihi tafadhali jibu kwa kutumia herufi B. Kama tayari umeshajifungua jibu kwa kutumia herufi C."
,,,"Helena, wewe ni mjamzito kwa sasa? Kama ndiyo, jibu kwa kutumia  herufi A. Kama hapana tafadhali jibu kwa kutumia herufi B. Kama tayari umeshajifungua jibu kwa kutumia herufi C."
,,,"Asante sana Sofia, sasa nitakuhoji jinsi matembezi yako kwenye kituo cha afya cha Mwasenkwa (Mbeya) yalivyokuwa."
,,,"Je, Rebecca ulipimwa presha (shinikizo la damu) na kipimo kuandikwa kwenye kadi yako ya kliniki? Tafadhali jibu herufi A kama ndiyo au herufi B kama hapana."
,,,"Asante sana Helena, sasa nitakuhoji jinsi matembezi yako kwenye kituo cha afya cha Mlangali (Ludewa) yalivyokuwa."
,,,"Je, Helena ulijifungulia kitandani? Tafadhali jibu herufi A kama ndiyo au herufi B kama hapana."
,,,"Je, Rebecca chumba/eneo la kungojea huduma lilikuwa na nafasi ya kutosha kupumzika? Tafadhali jibu herufi A kama ndiyo au herufi B kama hapana."
,,,"Je, Sofia ulipewa dawa yoyote? Tafadhali jibu herufi A kama ndiyo au herufi B kama hapana."
,,,"Je, SIAME ulipimwa presha (shinikizo la damu) na kipimo kuandikwa kwenye kadi yako ya kliniki? Tafadhali jibu herufi A kama ndiyo au herufi B kama hapana."
,,,"Je, Rebecca watoa huduma wa afya walikuwa wasikivu kwako wakati wa uchunguzi? Tafadhali jibu herufi A kama ndiyo, au herufi B kama hapana, au herufi C kama usingependa kujibu swali hili."
,,,Asante kaz njema
,,,"Je, Sofia ulipimwa presha (shinikizo la damu) na kipimo kuandikwa kwenye kadi yako ya kliniki? Tafadhali jibu herufi A kama ndiyo au herufi B kama hapana."
,,,Karibu tena kwenye mpango wa Mama na Mwana Rebecca. Nipo nasubiri kusikia jinsi matembezi yako kwenye kituo cha afya yalivyokuwa.
,,,Tafadhali eliza andika namba ya utambulisho wa kituo kwa ukamilifu wake (tarakimu saba).
,,,Habari yako Suzana? Natumaini u mzima wa afya. Punde nitakuhoji kwa ufupi kusaidia uboreshwaji wa huduma za afya. Huduma hii ni bure.
,,,"Suzana, ujauzito wako una muda wa miezi 2? Kama uko sahihi jibu ujumbe huu kwa kutumia herufi A. Kama hauko sahihi tafadhali jibu kwa kutumia herufi B. Kama tayari umeshajifungua jibu kwa kutumia herufi C."
,,,"Je, Sofia chumba/eneo la kungojea huduma lilikuwa na nafasi ya kutosha kupumzika? Tafadhali jibu herufi A kama ndiyo au herufi B kama hapana."
,,,"Asante sana Suzana, sasa nitakuhoji jinsi matembezi yako kwenye kituo cha afya cha Mwasenkwa (Mbeya) yalivyokuwa."
,,,"Je, SIAME chumba/eneo la kungojea huduma lilikuwa na nafasi ya kutosha kupumzika? Tafadhali jibu herufi A kama ndiyo au herufi B kama hapana."
,,,"Asante sana SHALI. Nitaongea na wewe tena, kupata maoni yako kuhusu huduma za baadaye za kliniki utakazopata. Kumbuka kufuata ratiba uliyopewa ya kuhudhuria kliniki."
,,,"Je, Suzana ulipewa dawa yoyote? Tafadhali jibu herufi A kama ndiyo au herufi B kama hapana."
,,,Jmdangwpewgmdanja
,,,Name:SOKA Mobile:15670 
,,,. Mchezaji  ameongoza kwa kukokota mpira kwenye ligi kuu uingereza msimu ulipita Harzad
,,,"Je, Sofia watoa huduma wa afya walikuwa wasikivu kwako wakati wa uchunguzi? Tafadhali jibu herufi A kama ndiyo, au herufi B kama hapana, au herufi C kama usingependa kujibu swali hili."
,,,"Je, Suzana ulipimwa presha (shinikizo la damu) na kipimo kuandikwa kwenye kadi yako ya kliniki? Tafadhali jibu herufi A kama ndiyo au herufi B kama hapana."
,,,"Je, Suzana chumba/eneo la kungojea huduma lilikuwa na nafasi ya kutosha kupumzika? Tafadhali jibu herufi A kama ndiyo au herufi B kama hapana."
,,,"Asante sana Sofia. Nitaongea na wewe tena, kupata maoni yako kuhusu huduma za baadaye za kliniki utakazopata. Kumbuka kufuata ratiba uliyopewa ya kuhudhuria kliniki."
,,,"Je, Suzana watoa huduma wa afya walikuwa wasikivu kwako wakati wa uchunguzi? Tafadhali jibu herufi A kama ndiyo, au herufi B kama hapana, au herufi C kama usingependa kujibu swali hili."
,,,"Asante sana Suzana. Nitaongea na wewe tena, kupata maoni yako kuhusu huduma za baadaye za kliniki utakazopata. Kumbuka kufuata ratiba uliyopewa ya kuhudhuria kliniki."
,,, umri wako hautambuliwi. Tafadhali jibu kwa tarakimu mfano 18 Badosielewa nitumevipi 
,,,THELATHINI MIAKA:
,,,THELATHINI MIAKA
,,,Elizabeth Ntukula
,,,Samahani Mimi Bado Sijampa Mtoto Wangu Chanjo Hiyo Ya Surua Ila Nimepewa Namba Yenu Kutoka Kwa Rafiki Angu Alieko Njombe Je Nipataje Chanjo Hii?
,,,Samahani Elizabeth sijaelewa jibu lako. Kama ujauzito wako unaendelea vizuri jibu kwa kutumia herufi A. Kama tayari umeshajifungua jibu kwa kutumia herufi B. Kama ujauzito wako uliharibika jibu kwa kutumia herufi C.
,,,Jina lako ni Tully? Kama liko sahihi jibu ujumbe huu kwa kutumia herufi A. Kama haliko sahihi tafadhali nitumie jina lako sahihi.
,,,Habari yako Tully? Natumaini u mzima wa afya. Punde nitakuhoji kwa ufupi kusaidia uboreshwaji wa huduma za afya. Huduma hii ni bure.
,,,"Tully, umeshajifungua? Tafadhali jibu herufi A kama ndiyo au herufi B kama hapana."
,,,"ONDOA NIMEACHANA NA HUDUMA HIYO,"
,,,Asate kwakukumbusha
,,,"Asante sana Tully, sasa nitakuhoji jinsi matembezi yako kwenye kituo cha afya cha Kiyombo (Ludewa) yalivyokuwa."
,,,"Je Tully kabla hujajifungua, uliwahi kuelezwa kuhusu dalili za hatari kwa mtoto mchanga na huduma za dharura? Tafadhali jibu herufi A kama ndiyo au herufi B kama hapana."
,,,Kipepeo ni mtu wa aina gan
,,,"Salome, wewe ni mjamzito kwa sasa? Kama ndiyo, jibu kwa kutumia  herufi A. Kama hapana tafadhali jibu kwa kutumia herufi B. Kama tayari umeshajifungua jibu kwa kutumia herufi C."
,,,Habari yako queen? Natumaini u mzima wa afya. Punde nitakuhoji kwa ufupi kusaidia uboreshwaji wa huduma za afya. Huduma hii ni bure.
,,,"queen, umeshajifungua? Tafadhali jibu herufi A kama ndiyo au herufi B kama hapana."
,,,"Asante sana Salome, sasa nitakuhoji jinsi matembezi yako kwenye kituo cha afya cha Isyesye (Mbeya) yalivyokuwa."
,,,"Je Salome kabla hujajifungua, uliwahi kuelezwa kuhusu dalili za hatari kwa mtoto mchanga na huduma za dharura? Tafadhali jibu herufi A kama ndiyo au herufi B kama hapana."
,,,"Je, ulienda kituo gani? Tafadhali queen jibu swali hili kwa kuandika jina la kituo ulichokwenda."
,,,"Sijapata kituo cha afya chenye jina ikonda kilicho wilaya ya wilaya makete. Je, unafahamu namba ya utambulisho ya kituo cha afya ulichokwenda? Tafadhali jibu herufi A kama ndiyo au herufi B kama hapana."
,,,"Sijakuelewa vizuri queen, unafahamu namba ya utambulisho ya kituo cha afya ulichokwenda? Tafadhali jibu herufi A kama ndiyo au herufi B kama hapana."
,,,nilianza clinic ikonda hoxpito nikajifungulia ikonda
,,,"Sijapata kituo cha afya chenye jina nilianza clinic ikonda hoxpito nikajifungulia ikonda kilicho wilaya ya wilaya makete. Je, unafahamu namba ya utambulisho ya kituo cha afya ulichokwenda? Tafadhali jibu herufi A kama ndiyo au herufi B kama hapana."
,,,me mme wng hatak kupime sjw nifanyaje
,,,Samahani meri sijaelewa jibu lako. Kama ujauzito wako unaendelea vizuri jibu kwa kutumia herufi A. Kama tayari umeshajifungua jibu kwa kutumia herufi B. Kama ujauzito wako uliharibika jibu kwa kutumia herufi C.
,,,U<Report maadi kazi nidhamu na tabia njema ndio kipaumbele changu uadilifu wa na kuitanguliza elimu.
,,,"meri, ujauzito wako una muda gani? Tafadhali jibu kwa kunitajia miezi ya ujauzito wako."
,,,U+Report (a) ndiyo.
,,,"Asante sana queen, sasa nitakuhoji jinsi matembezi yako kwenye kituo cha afya cha Ikonda (Makete) yalivyokuwa."
,,,"Je, queen ulijifungulia kitandani? Tafadhali jibu herufi A kama ndiyo au herufi B kama hapana."
,,,U<Report utayari wa mazingira nadhifu na uhakika wa maisha kutokana na kipato changu ambacho nilicho nacho.
,,,"Asante sana meri, sasa nitakuhoji jinsi matembezi yako kwenye kituo cha afya cha Kiwira (Rungwe) yalivyokuwa."
,,,U>Report ?F? mbarali.
,,,"Je, meri ulipewa dawa yoyote? Tafadhali jibu herufi A kama ndiyo au herufi B kama hapana."
,,,Wilaya ya makambako
,,,"UELIMISHAJI  ,HADI VIJIJINI"
,,,kwann mmesema tujiunge nahki kikund knafaida gan
,,,"Asante sana TUMPE. Nitaongea na wewe tena, kupata maoni yako kuhusu huduma za baadaye za kliniki utakazopata. Kumbuka kufuata ratiba uliyopewa ya kuhudhuria kliniki."
,,,"Je, meri ulipimwa presha (shinikizo la damu) na kipimo kuandikwa kwenye kadi yako ya kliniki? Tafadhali jibu herufi A kama ndiyo au herufi B kama hapana."
,,,"Asante sana queen. Nitaongea na wewe tena, kupata maoni yako kuhusu huduma za baadaye za kliniki utakazopata. Kumbuka kufuata ratiba uliyopewa ya kuhudhuria kliniki."
,,,   Chelsea iwahi kufundishwa na kocha  kati ya    Robert 
,,,Jina lako ni ANITA? Kama liko sahihi jibu ujumbe huu kwa kutumia herufi A. Kama haliko sahihi tafadhali nitumie jina lako sahihi.
,,,Habari yako ANITA? Natumaini u mzima wa afya. Punde nitakuhoji kwa ufupi kusaidia uboreshwaji wa huduma za afya. Huduma hii ni bure.
,,,"ANITA, ujauzito wako una muda wa miezi 3? Kama uko sahihi jibu ujumbe huu kwa kutumia herufi A. Kama hauko sahihi tafadhali jibu kwa kutumia herufi B. Kama tayari umeshajifungua jibu kwa kutumia herufi C."
,,,"Je, meri chumba/eneo la kungojea huduma lilikuwa na nafasi ya kutosha kupumzika? Tafadhali jibu herufi A kama ndiyo au herufi B kama hapana."
,,,"MAMA ,10,1047026"
,,,"ANITA, ujauzito wako una muda gani? Tafadhali jibu kwa kunitajia miezi ya ujauzito wako."
,,,Jina lako ni APIA? Kama liko sahihi jibu ujumbe huu kwa kutumia herufi A. Kama haliko sahihi tafadhali nitumie jina lako sahihi.
,,,Habari yako APIA? Natumaini u mzima wa afya. Punde nitakuhoji kwa ufupi kusaidia uboreshwaji wa huduma za afya. Huduma hii ni bure.
,,,"APIA, wewe ni mjamzito kwa sasa? Kama ndiyo, jibu kwa kutumia  herufi A. Kama hapana tafadhali jibu kwa kutumia herufi B. Kama tayari umeshajifungua jibu kwa kutumia herufi C."
,,,"Asante sana ANITA, sasa nitakuhoji jinsi matembezi yako kwenye kituo cha afya cha Muungano (Mbarali) yalivyokuwa."
,,,MKOWA WA KASIKAZINI UGUJA 
,,,"Je, ANITA ulipewa dawa yoyote? Tafadhali jibu herufi A kama ndiyo au herufi B kama hapana."
,,,nataka kufunguw duk
,,,MKOWA KASIKAZINI B
,,,"Je, ulienda kituo gani? Tafadhali APIA jibu swali hili kwa kuandika jina la kituo ulichokwenda."
,,,MKOWA UNGUJA NUNNGWI
,,,zoez la upiga kula litaanza lin
,,,"Je, ANITA ulipimwa presha (shinikizo la damu) na kipimo kuandikwa kwenye kadi yako ya kliniki? Tafadhali jibu herufi A kama ndiyo au herufi B kama hapana."
,,,dicksoni kimbawal KUTOK MKOW NJOMB
,,,ZANBARI KASIKAZINI
,,,"Je, meri watoa huduma wa afya walikuwa wasikivu kwako wakati wa uchunguzi? Tafadhali jibu herufi A kama ndiyo, au herufi B kama hapana, au herufi C kama usingependa kujibu swali hili."
,,,"Je, Ever ulipewa dawa yoyote? Tafadhali jibu herufi A kama ndiyo au herufi B kama hapana."
,,,"Je, ANITA chumba/eneo la kungojea huduma lilikuwa na nafasi ya kutosha kupumzika? Tafadhali jibu herufi A kama ndiyo au herufi B kama hapana."
,,,Tafadhali APIA andika namba ya utambulisho wa kituo kwa ukamilifu wake (tarakimu saba).
,,,"Je, Ever ulipimwa presha (shinikizo la damu) na kipimo kuandikwa kwenye kadi yako ya kliniki? Tafadhali jibu herufi A kama ndiyo au herufi B kama hapana."
,,,"Je, ANITA watoa huduma wa afya walikuwa wasikivu kwako wakati wa uchunguzi? Tafadhali jibu herufi A kama ndiyo, au herufi B kama hapana, au herufi C kama usingependa kujibu swali hili."
,,,MDANDU (1047026)
,,,We can combat superstition and blood sacrice by eradicating it by bursting out .misconception of believing in witchcraft in work .sex bribe or offer that ngo are prone to be recorded in in connection . as an obvious concept due to global feed back that realising iam to liberate the mass from hell nocking at our doors and our surrounding.plans like reform and transform may be conceptualised actively and enforce  amandandement. 
,,,"Asante sana ANITA. Nitaongea na wewe tena, kupata maoni yako kuhusu huduma za baadaye za kliniki utakazopata. Kumbuka kufuata ratiba uliyopewa ya kuhudhuria kliniki."
,,,    Diego Maradona aliwahi kucheza timu  Argentina
,,,"Asante sana meri. Nitaongea na wewe tena, kupata maoni yako kuhusu huduma za baadaye za kliniki utakazopata. Kumbuka kufuata ratiba uliyopewa ya kuhudhuria kliniki."
,,,like tranfer of visions i was born to provide never we ought to dispice who wake us up but enlight when profoundly need so far as phylososy teach wisidom and criticism on the sensitive concepts.
,,,Asante nimekuelewa
,,,"NAME:ASHERY ;
TELEPHONE;CELL:0719546085
"
,,,Actual when irritation is higher even scratching is higher too.by informing my next mates .my fellow in pain will get memory when i die .
,,,WHEN I DIE I WILL BE REMEMBERED AS A HERE IN STRUGLE FOR JUSTICE IN THE WORLD.I LIKE MR AME OF LUMBA THOUGH SOME OF MY WORDS ARE TO MUCH OFFENSIUE INVOLUNTARY TO MY RESEARCH PROJECT WHICH HAS NO MEMORANDAM.RECOGNISING CAN CREAT GUILT RESPONSE CONCIOUSNESS OF MASS AND OTHER RELATED.
,,,"Mama,10,1097450,0"
,,,Karibu tena kwenye mpango wa Mama na Mwana Zamiri. Nipo nasubiri kusikia jinsi matembezi yako kwenye kituo cha afya yalivyokuwa.
,,,Jina lako ni Nyanzove? Kama liko sahihi jibu ujumbe huu kwa kutumia herufi A. Kama haliko sahihi tafadhali nitumie jina lako sahihi.
,,,Self realisation of targeted themes scheme to the effector organs in neuronic movement like a tiger.
,,,Habari yako Nyanzove? Natumaini u mzima wa afya. Punde nitakuhoji kwa ufupi kusaidia uboreshwaji wa huduma za afya. Huduma hii ni bure.
,,,"Nyanzove, umeshajifungua? Tafadhali jibu herufi A kama ndiyo au herufi B kama hapana."
,,,"Asante sana Nyanzove, sasa nitakuhoji jinsi matembezi yako kwenye kituo cha afya cha Mabadaga (Mbarali) yalivyokuwa."
,,,"Je Nyanzove kabla hujajifungua, uliwahi kuelezwa kuhusu dalili za hatari kwa mtoto mchanga na huduma za dharura? Tafadhali jibu herufi A kama ndiyo au herufi B kama hapana."
,,,Never the less it does't shape completely but regarded chapter ready read by readers.grasp always varries in the class amasing one forces maximum positive clear rapid transformation.what hit is what teaches.so long.
,,,Ivi ukiuna ute mzito wakuvutika je nitatizo?
,,,"Asante sana Nyanzove. Nitaongea na wewe tena, kupata maoni yako kuhusu huduma za baadaye za kliniki utakazopata. Kumbuka kufuata ratiba uliyopewa ya kuhudhuria kliniki."
,,,I D F Got pain but english problem ! .how could it be ! ! ! oh ! 
,,,"Iringa
No arms no limbs but love"
,,,How could i have finished well part of my remaining research ! .
,,,Sex offer from political agent refer . former employers and my friends or relatives in relation to religion and politics  to act like scarecrow to me after sex offer
,,,VERY FUNNY AND SHAMEFUL HOW IT IS.
,,,Je ikiwa nyinyi ni viongozi wa U  Report mnatusaidia nn kwenye maishaye tu hapo
,,,"nilipewa dawa aina mbili,diyo {A}"
,,,ivi leo kijana mjasilia mali anaitajika atoe pesanyingi kupata mafuzo ya ujasilia anaitoa wapi iyo pesa
,,,Shirikisho  la  SOKA  duniani  A
,,,TP  mazembe  wa timu  A
,,,"Upatikanaji wa maji na huduma za usafi ni muhimu katika kuboresha ufanyaji wa usafi kama vile vyombo vya kunawia mikono, sabuni, maji yanayotitirika pamoja na unawaji mikono baada ya kutumia vyoo.

Vyanzo vya maji vilivyobora ni pamoja na mabomba maeneo ya makazi, mabomba ya jumuiya, visima, chemchemi pamoja na maji ya mvua"
,,,"Kwa maelezo zaidi ya hali ilivyo nchini Tanzania katika maji na usafi, jibu: 
A. Kupokea taarifa zaidi 
B. Kurudi menyu kuu 
C. Kutoka"
,,,"- Kwa Mwaka 2015/16, 61% ya wakazi wanauwezo wa kupata maji ya kunywa kutoka katika vyanzo vya maji vilivyoboreshwa.

- Kwa mwaka 2015/16, 81% ya wakazi wanatumia na vifaa vya kunawia mikono.

- Kwa mwaka 2015/16, 65% ya wakazi wanatumia vyoo visivyokuwa na bora."
,,,"- Kampeni ya Usafi ya Taifa kutoka Wizara ya Afya na ustawi wa jamii imeongeza chachu katika kupambana na masuala ya usafi kama vile unawaji wa mikono katika mida mbalimbali (hatarishi) 

- Wizara ya Afya na Ustawi wa Jamii imeanzisha mkakati wa taifa wa mazingira, afya na usafi (2008-2017)"
,,,Jina lako ni Vota? Kama liko sahihi jibu ujumbe huu kwa kutumia herufi A. Kama haliko sahihi tafadhali nitumie jina lako sahihi.
,,,Habari yako Vota? Natumaini u mzima wa afya. Punde nitakuhoji kwa ufupi kusaidia uboreshwaji wa huduma za afya. Huduma hii ni bure.
,,,"Vota, ujauzito wako una muda wa miezi 4? Kama uko sahihi jibu ujumbe huu kwa kutumia herufi A. Kama hauko sahihi tafadhali jibu kwa kutumia herufi B. Kama tayari umeshajifungua jibu kwa kutumia herufi C."
,,,"Asante sana Vota, sasa nitakuhoji jinsi matembezi yako kwenye kituo cha afya cha Matamba (Makete) yalivyokuwa."
,,,"Je, Vota ulipewa dawa yoyote? Tafadhali jibu herufi A kama ndiyo au herufi B kama hapana."
,,,"Je, Vota ulipimwa presha (shinikizo la damu) na kipimo kuandikwa kwenye kadi yako ya kliniki? Tafadhali jibu herufi A kama ndiyo au herufi B kama hapana."
,,,"Je, Vota chumba/eneo la kungojea huduma lilikuwa na nafasi ya kutosha kupumzika? Tafadhali jibu herufi A kama ndiyo au herufi B kama hapana."
,,,"Je, Vota watoa huduma wa afya walikuwa wasikivu kwako wakati wa uchunguzi? Tafadhali jibu herufi A kama ndiyo, au herufi B kama hapana, au herufi C kama usingependa kujibu swali hili."
,,,"Asante sana Vota. Nitaongea na wewe tena, kupata maoni yako kuhusu huduma za baadaye za kliniki utakazopata. Kumbuka kufuata ratiba uliyopewa ya kuhudhuria kliniki."
,,,SHIRIKISH6 LA SOKA DUNIANI B
,,,"Sauda, ujauzito wako una muda wa miezi 5? Kama uko sahihi jibu ujumbe huu kwa kutumia herufi A. Kama hauko sahihi tafadhali jibu kwa kutumia herufi B. Kama tayari umeshajifungua jibu kwa kutumia herufi C."
,,,UMRI WANGU MIAKA HAMSINI NATISA
,,,MKOA WA KILIMANJARO
,,,Mbeya mjin ila kwasasa kikaz nipo dar hk umoja wa mataif kwenye makao makuu ya skaut
,,,Samahan na weza kuulza maswal
,,,samahani  mm nimujamzito  sijielewi tubolinajagesi
,,,"Je, Ever chumba/eneo la kungojea huduma lilikuwa na nafasi ya kutosha kupumzika? Tafadhali jibu herufi A kama ndiyo au herufi B kama hapana."
,,,Uboreshaj wa vituo vya afya na elim
,,,unayasaji wa watoto
,,,"Asante, kuwa na siku ya njema. "
,,,kuto kuwanyanyasa laiya
,,,"Zainabu, umeshajifungua? Tafadhali jibu herufi A kama ndiyo au herufi B kama hapana."
,,,"Asante sana Zainabu, sasa nitakuhoji jinsi matembezi yako kwenye kituo cha afya cha Muungano (Njombe) yalivyokuwa."
,,,"Je, Zainabu ulijifungulia kitandani? Tafadhali jibu herufi A kama ndiyo au herufi B kama hapana."
,,,"Maria, umeshajifungua? Tafadhali jibu herufi A kama ndiyo au herufi B kama hapana."
,,,"Helena, umeshajifungua? Tafadhali jibu herufi A kama ndiyo au herufi B kama hapana."
,,,"Asante sana Helena, sasa nitakuhoji jinsi matembezi yako kwenye kituo cha afya cha Muungano (Njombe) yalivyokuwa."
,,,Jina lako ni Tulia? Kama liko sahihi jibu ujumbe huu kwa kutumia herufi A. Kama haliko sahihi tafadhali nitumie jina lako sahihi.
,,,Habari yako Tulia? Natumaini u mzima wa afya. Punde nitakuhoji kwa ufupi kusaidia uboreshwaji wa huduma za afya. Huduma hii ni bure.
,,,"Tulia, ujauzito wako una muda wa miezi 2? Kama uko sahihi jibu ujumbe huu kwa kutumia herufi A. Kama hauko sahihi tafadhali jibu kwa kutumia herufi B. Kama tayari umeshajifungua jibu kwa kutumia herufi C."
,,,"Asante sana Tulia, sasa nitakuhoji jinsi matembezi yako kwenye kituo cha afya cha Muungano (Njombe) yalivyokuwa."
,,,"Je, Tulia ulipewa dawa yoyote? Tafadhali jibu herufi A kama ndiyo au herufi B kama hapana."
,,,"Mariam, umeshajifungua? Tafadhali jibu herufi A kama ndiyo au herufi B kama hapana."
,,,"MZAZI, 5, 1020130, 0757809069"
,,,Asante. Tumepokea usajili wa mama kwenye mfumo wa Mama na Mwana kutokea kituo cha Mlangali (Ludewa) - 1020130. Endelea kusajili kina mama wengi zaidi tufanikishe mpango huu.
,,,"Asante sana Mariam, sasa nitakuhoji jinsi matembezi yako kwenye kituo cha afya cha Muungano (Njombe) yalivyokuwa."
,,,"Je, Mariam ulijifungulia kitandani? Tafadhali jibu herufi A kama ndiyo au herufi B kama hapana."
,,,Pleas if possible I want to change language from English to Swahili
,,,NAISHI MKOA WANJOMBE
,,,Hy u-report nikazi?
,,,"Je, Tulia ulipimwa presha (shinikizo la damu) na kipimo kuandikwa kwenye kadi yako ya kliniki? Tafadhali jibu herufi A kama ndiyo au herufi B kama hapana."
,,,"MZAZI,6, 1020130,074623117"
,,,Samahani. Namba hii 074623117 haijakamilika. Tafadhali hakikisha na tuma upya ujumbe wa usajili.
,,,"Je, Tulia chumba/eneo la kungojea huduma lilikuwa na nafasi ya kutosha kupumzika? Tafadhali jibu herufi A kama ndiyo au herufi B kama hapana."
,,,"ALFRED,MGAYA,NJOMBE"
,,,"MZAZI,6 ,1020130,0746232117"
,,,Jina lako ni Enala? Kama liko sahihi jibu ujumbe huu kwa kutumia herufi A. Kama haliko sahihi tafadhali nitumie jina lako sahihi.
,,,"Je, Tulia watoa huduma wa afya walikuwa wasikivu kwako wakati wa uchunguzi? Tafadhali jibu herufi A kama ndiyo, au herufi B kama hapana, au herufi C kama usingependa kujibu swali hili."
,,,MBONA HAKUNA UJUMBE
,,,"Asante sana Tulia. Nitaongea na wewe tena, kupata maoni yako kuhusu huduma za baadaye za kliniki utakazopata. Kumbuka kufuata ratiba uliyopewa ya kuhudhuria kliniki."
,,,"MZAZI,12,1020130,0766630132"
,,,Habari yako Enala? Natumaini u mzima wa afya. Punde nitakuhoji kwa ufupi kusaidia uboreshwaji wa huduma za afya. Huduma hii ni bure.
,,,"Enala, wewe ni mjamzito kwa sasa? Kama ndiyo, jibu kwa kutumia  herufi A. Kama hapana tafadhali jibu kwa kutumia herufi B. Kama tayari umeshajifungua jibu kwa kutumia herufi C."
,,,Tafadhali Enala niambie namba ya utambulisho ya kituo cha afya ulichokwenda (tarakimu saba).
,,,"Asante sana Enala, sasa nitakuhoji jinsi matembezi yako kwenye kituo cha afya cha Kiwira (Rungwe) yalivyokuwa."
,,,"Je, Enala ulijifungulia kitandani? Tafadhali jibu herufi A kama ndiyo au herufi B kama hapana."
,,,Karibu tena kwenye mpango wa Mama na Mwana TULIZO. Nipo nasubiri kusikia jinsi matembezi yako kwenye kituo cha afya yalivyokuwa.
,,,Jina lako ni Jamira? Kama liko sahihi jibu ujumbe huu kwa kutumia herufi A. Kama haliko sahihi tafadhali nitumie jina lako sahihi.
,,,Habari yako Jamira? Natumaini u mzima wa afya. Punde nitakuhoji kwa ufupi kusaidia uboreshwaji wa huduma za afya. Huduma hii ni bure.
,,,"Jamira, umeshajifungua? Tafadhali jibu herufi A kama ndiyo au herufi B kama hapana."
,,,Kituo cha afya ulichokwenda ni Ngalanga (Njombe)? Tafadhali jibu herufi A kama ndiyo au herufi B kama hapana.
,,,"Asante sana Jamira, sasa nitakuhoji jinsi matembezi yako kwenye kituo cha afya cha Ngalanga (Njombe) yalivyokuwa."
,,,"Je, Jamira ulijifungulia kitandani? Tafadhali jibu herufi A kama ndiyo au herufi B kama hapana."
,,,"Asante sana Agnes, sasa nitakuhoji jinsi matembezi yako kwenye kituo cha afya cha Ngalanga (Njombe) yalivyokuwa."
,,,"Asante sana Rehema, sasa nitakuhoji jinsi matembezi yako kwenye kituo cha afya cha Ngalanga (Njombe) yalivyokuwa."
,,,"HILDA, ujauzito wako una muda wa miezi 4? Kama uko sahihi jibu ujumbe huu kwa kutumia herufi A. Kama hauko sahihi tafadhali jibu kwa kutumia herufi B. Kama tayari umeshajifungua jibu kwa kutumia herufi C."
,,,Karibu tena kwenye mpango wa Mama na Mwana zala. Nipo nasubiri kusikia jinsi matembezi yako kwenye kituo cha afya yalivyokuwa.
,,,"Asante sana HILDA, sasa nitakuhoji jinsi matembezi yako kwenye kituo cha afya cha Ngyekye (Kyela) yalivyokuwa."
,,,"Asante sana Enala. Nitaongea na wewe tena, kupata maoni yako kuhusu huduma za baadaye za kliniki utakazopata. Kumbuka kufuata ratiba uliyopewa ya kuhudhuria kliniki."
,,,U-Riport ni nini?
,,,Asanten kwaushauli wenu
,,,"Asante sana Jamira. Nitaongea na wewe tena, kupata maoni yako kuhusu huduma za baadaye za kliniki utakazopata. Kumbuka kufuata ratiba uliyopewa ya kuhudhuria kliniki."
,,,Ninaonakizunguzungu mimba miezi saba nini tatizo 
,,,"Je, HILDA ulipewa dawa yoyote? Tafadhali jibu herufi A kama ndiyo au herufi B kama hapana."
,,,Ujauzito  miez  7 lakini  tumbo  na kiuno  pananiuma sana
,,,Karibu tena kwenye mpango wa Mama na Mwana Emma. Nipo nasubiri kusikia jinsi matembezi yako kwenye kituo cha afya yalivyokuwa.
,,,Wananiambia  nikiumbe  kina geuka  ni wiki 3
,,,Jina lako ni Naumi? Kama liko sahihi jibu ujumbe huu kwa kutumia herufi A. Kama haliko sahihi tafadhali nitumie jina lako sahihi.
,,,Habari yako Naumi? Natumaini u mzima wa afya. Punde nitakuhoji kwa ufupi kusaidia uboreshwaji wa huduma za afya. Huduma hii ni bure.
,,,"Naumi, wewe ni mjamzito kwa sasa? Kama ndiyo, jibu kwa kutumia  herufi A. Kama hapana tafadhali jibu kwa kutumia herufi B. Kama tayari umeshajifungua jibu kwa kutumia herufi C."
,,,"Naumi, ujauzito wako una muda gani? Tafadhali jibu kwa kunitajia miezi ya ujauzito wako."
,,,"Je, HILDA ulipimwa presha (shinikizo la damu) na kipimo kuandikwa kwenye kadi yako ya kliniki? Tafadhali jibu herufi A kama ndiyo au herufi B kama hapana."
,,,"Asante sana Naumi, sasa nitakuhoji jinsi matembezi yako kwenye kituo cha afya cha Mkola (Chunya) yalivyokuwa."
,,, MAMA  4 1037282
,,,"Je, Naumi ulipewa dawa yoyote? Tafadhali jibu herufi A kama ndiyo au herufi B kama hapana."
,,,"Je, HILDA chumba/eneo la kungojea huduma lilikuwa na nafasi ya kutosha kupumzika? Tafadhali jibu herufi A kama ndiyo au herufi B kama hapana."
,,,Jina lako ni GRACE? Kama liko sahihi jibu ujumbe huu kwa kutumia herufi A. Kama haliko sahihi tafadhali nitumie jina lako sahihi.
,,,"MZAZI,13,1020130,0742957280"
,,,Habari yako GRACE? Natumaini u mzima wa afya. Punde nitakuhoji kwa ufupi kusaidia uboreshwaji wa huduma za afya. Huduma hii ni bure.
,,,"GRACE, wewe ni mjamzito kwa sasa? Kama ndiyo, jibu kwa kutumia  herufi A. Kama hapana tafadhali jibu kwa kutumia herufi B. Kama tayari umeshajifungua jibu kwa kutumia herufi C."
,,,"GRACE, ujauzito wako una muda gani? Tafadhali jibu kwa kunitajia miezi ya ujauzito wako."
,,,"Je, HILDA watoa huduma wa afya walikuwa wasikivu kwako wakati wa uchunguzi? Tafadhali jibu herufi A kama ndiyo, au herufi B kama hapana, au herufi C kama usingependa kujibu swali hili."
,,,"Je, Naumi ulipimwa presha (shinikizo la damu) na kipimo kuandikwa kwenye kadi yako ya kliniki? Tafadhali jibu herufi A kama ndiyo au herufi B kama hapana."
,,,"Je, Naumi chumba/eneo la kungojea huduma lilikuwa na nafasi ya kutosha kupumzika? Tafadhali jibu herufi A kama ndiyo au herufi B kama hapana."
,,,Tafadhali GRACE niambie namba ya utambulisho ya kituo cha afya ulichokwenda (tarakimu saba).
,,,Kituo cha afya ulichokwenda ni Lupalilo (Makete)? Tafadhali jibu herufi A kama ndiyo au herufi B kama hapana.
,,,"Asante sana GRACE, sasa nitakuhoji jinsi matembezi yako kwenye kituo cha afya cha Lupalilo (Makete) yalivyokuwa."
,,,"Je, Naumi watoa huduma wa afya walikuwa wasikivu kwako wakati wa uchunguzi? Tafadhali jibu herufi A kama ndiyo, au herufi B kama hapana, au herufi C kama usingependa kujibu swali hili."
,,,Karibu tena kwenye mpango wa Mama na Mwana DORCAS. Nipo nasubiri kusikia jinsi matembezi yako kwenye kituo cha afya yalivyokuwa.
,,,"VUMILIA, ujauzito wako una muda wa miezi 3? Kama uko sahihi jibu ujumbe huu kwa kutumia herufi A. Kama hauko sahihi tafadhali jibu kwa kutumia herufi B. Kama tayari umeshajifungua jibu kwa kutumia herufi C."
,,,"Asante sana Naumi. Nitaongea na wewe tena, kupata maoni yako kuhusu huduma za baadaye za kliniki utakazopata. Kumbuka kufuata ratiba uliyopewa ya kuhudhuria kliniki."
,,,"Je, GRACE ulipewa dawa yoyote? Tafadhali jibu herufi A kama ndiyo au herufi B kama hapana."
,,,Karibu tena kwenye mpango wa Mama na Mwana Naumi. Nipo nasubiri kusikia jinsi matembezi yako kwenye kituo cha afya yalivyokuwa.
,,,"Asante sana Mwajuma, sasa nitakuhoji jinsi matembezi yako kwenye kituo cha afya cha Mkola (Chunya) yalivyokuwa."
,,,"Je, GRACE ulipimwa presha (shinikizo la damu) na kipimo kuandikwa kwenye kadi yako ya kliniki? Tafadhali jibu herufi A kama ndiyo au herufi B kama hapana."
,,,"Je, GRACE chumba/eneo la kungojea huduma lilikuwa na nafasi ya kutosha kupumzika? Tafadhali jibu herufi A kama ndiyo au herufi B kama hapana."
,,,"Asante sana VUMILIA, sasa nitakuhoji jinsi matembezi yako kwenye kituo cha afya cha Ngyekye (Kyela) yalivyokuwa."
,,,"Je, GRACE watoa huduma wa afya walikuwa wasikivu kwako wakati wa uchunguzi? Tafadhali jibu herufi A kama ndiyo, au herufi B kama hapana, au herufi C kama usingependa kujibu swali hili."
,,,"Asante sana GRACE. Nitaongea na wewe tena, kupata maoni yako kuhusu huduma za baadaye za kliniki utakazopata. Kumbuka kufuata ratiba uliyopewa ya kuhudhuria kliniki."
,,,"MZAZI,10,1052232,0763874942"
,,,Karibu tena kwenye mpango wa Mama na Mwana Zakia. Nipo nasubiri kusikia jinsi matembezi yako kwenye kituo cha afya yalivyokuwa.
,,,Jina lako ni Zakia? Kama liko sahihi jibu ujumbe huu kwa kutumia herufi A. Kama haliko sahihi tafadhali nitumie jina lako sahihi.
,,,Habari yako Zakia? Natumaini u mzima wa afya. Punde nitakuhoji kwa ufupi kusaidia uboreshwaji wa huduma za afya. Huduma hii ni bure.
,,,"Zakia, wewe ni mjamzito kwa sasa? Kama ndiyo, jibu kwa kutumia  herufi A. Kama hapana tafadhali jibu kwa kutumia herufi B. Kama tayari umeshajifungua jibu kwa kutumia herufi C."
,,,"Asante sana Zakia, sasa nitakuhoji jinsi matembezi yako kwenye kituo cha afya cha Idundilanga (Njombe) yalivyokuwa."
,,,"Je, Zakia ulijifungulia kitandani? Tafadhali jibu herufi A kama ndiyo au herufi B kama hapana."
,,,"AGNES, wewe ni mjamzito kwa sasa? Kama ndiyo, jibu kwa kutumia  herufi A. Kama hapana tafadhali jibu kwa kutumia herufi B. Kama tayari umeshajifungua jibu kwa kutumia herufi C."
,,,"Je, VUMILIA ulipewa dawa yoyote? Tafadhali jibu herufi A kama ndiyo au herufi B kama hapana."
,,,Samahani AGNES sijaelewa jibu lako. Kama ujauzito wako unaendelea vizuri jibu kwa kutumia herufi A. Kama tayari umeshajifungua jibu kwa kutumia herufi B. Kama ujauzito wako uliharibika jibu kwa kutumia herufi C.
,,,"AGNES, ujauzito wako una muda gani? Tafadhali jibu kwa kunitajia miezi ya ujauzito wako."
,,,Tafadhali AGNES niambie namba ya utambulisho ya kituo cha afya ulichokwenda (tarakimu saba).
,,,"BINGOOOOO! Umezawadiwa sehemu ya MAMILIONI ya Tsh 4,000,000 SASAIVII NA SOKA. NI KWELI ?"
,,,"Asante sana Anna, sasa nitakuhoji jinsi matembezi yako kwenye kituo cha afya cha F.F.U (Mbeya) yalivyokuwa."
,,,Karibu tena kwenye mpango wa Mama na Mwana HURUMA. Nipo nasubiri kusikia jinsi matembezi yako kwenye kituo cha afya yalivyokuwa.
,,,"JOYCE, umeshajifungua? Tafadhali jibu herufi A kama ndiyo au herufi B kama hapana."
,,,"Asante sana JOYCE, sasa nitakuhoji jinsi matembezi yako kwenye kituo cha afya cha Makoga (Wanging'ombe) yalivyokuwa."
,,,"Je, JOYCE ulijifungulia kitandani? Tafadhali jibu herufi A kama ndiyo au herufi B kama hapana."
,,,"HURUMA, wewe ni mjamzito kwa sasa? Kama ndiyo, jibu kwa kutumia  herufi A. Kama hapana tafadhali jibu kwa kutumia herufi B. Kama tayari umeshajifungua jibu kwa kutumia herufi C."
,,,"Je, VUMILIA ulipimwa presha (shinikizo la damu) na kipimo kuandikwa kwenye kadi yako ya kliniki? Tafadhali jibu herufi A kama ndiyo au herufi B kama hapana."
,,,"HURUMA, ujauzito wako una muda gani? Tafadhali jibu kwa kunitajia miezi ya ujauzito wako."
,,,Nin maana ya u report
,,,Jina lako ni FAUSTA? Kama liko sahihi jibu ujumbe huu kwa kutumia herufi A. Kama haliko sahihi tafadhali nitumie jina lako sahihi.
,,,naomb kujua changamoto zinazo wakumb wanafunz maxhulen na znapelekea kufel mitihan yao
,,,"Mzazi,3,1094176,0752109843"
,,,"Asante sana BETH, sasa nitakuhoji jinsi matembezi yako kwenye kituo cha afya cha Makoga (Wanging'ombe) yalivyokuwa."
,,,"Je, BETH ulijifungulia kitandani? Tafadhali jibu herufi A kama ndiyo au herufi B kama hapana."
,,,Habari yako FAUSTA? Natumaini u mzima wa afya. Punde nitakuhoji kwa ufupi kusaidia uboreshwaji wa huduma za afya. Huduma hii ni bure.
,,,"FAUSTA, wewe ni mjamzito kwa sasa? Kama ndiyo, jibu kwa kutumia  herufi A. Kama hapana tafadhali jibu kwa kutumia herufi B. Kama tayari umeshajifungua jibu kwa kutumia herufi C."
,,,"mzazi,6,1064336,0753200088"
,,,Asante. Tumepokea usajili wa mama kwenye mfumo wa Mama na Mwana kutokea kituo cha Ngulilo (Ileje) - 1064336. Endelea kusajili kina mama wengi zaidi tufanikishe mpango huu.
,,,"FAUSTA, ujauzito wako una muda gani? Tafadhali jibu kwa kunitajia miezi ya ujauzito wako."
,,,"Je, VUMILIA chumba/eneo la kungojea huduma lilikuwa na nafasi ya kutosha kupumzika? Tafadhali jibu herufi A kama ndiyo au herufi B kama hapana."
,,,Jina lako ni SHELISTER? Kama liko sahihi jibu ujumbe huu kwa kutumia herufi A. Kama haliko sahihi tafadhali nitumie jina lako sahihi.
,,,Habari yako SHELISTER? Natumaini u mzima wa afya. Punde nitakuhoji kwa ufupi kusaidia uboreshwaji wa huduma za afya. Huduma hii ni bure.
,,,"SHELISTER, umeshajifungua? Tafadhali jibu herufi A kama ndiyo au herufi B kama hapana."
,,,"Asante sana FAUSTA, sasa nitakuhoji jinsi matembezi yako kwenye kituo cha afya cha Mawindi (Mbarali) yalivyokuwa."
,,,"Asante sana SHELISTER, sasa nitakuhoji jinsi matembezi yako kwenye kituo cha afya cha Makoga (Wanging'ombe) yalivyokuwa."
,,,"Je, SHELISTER ulijifungulia kitandani? Tafadhali jibu herufi A kama ndiyo au herufi B kama hapana."
,,,"Je, FAUSTA ulipewa dawa yoyote? Tafadhali jibu herufi A kama ndiyo au herufi B kama hapana."
,,,Habari yako neema? Natumaini u mzima wa afya. Punde nitakuhoji kwa ufupi kusaidia uboreshwaji wa huduma za afya. Huduma hii ni bure.
,,,"neema, wewe ni mjamzito kwa sasa? Kama ndiyo, jibu kwa kutumia  herufi A. Kama hapana tafadhali jibu kwa kutumia herufi B. Kama tayari umeshajifungua jibu kwa kutumia herufi C."
,,,Naishi Iringa ila kwa sasa nipo chuoni mafinga
,,,Jina lako ni Adela? Kama liko sahihi jibu ujumbe huu kwa kutumia herufi A. Kama haliko sahihi tafadhali nitumie jina lako sahihi.
,,,"Matha, umeshajifungua? Tafadhali jibu herufi A kama ndiyo au herufi B kama hapana."
,,,"neema, ujauzito wako una muda gani? Tafadhali jibu kwa kunitajia miezi ya ujauzito wako."
,,,Habari yako Adela? Natumaini u mzima wa afya. Punde nitakuhoji kwa ufupi kusaidia uboreshwaji wa huduma za afya. Huduma hii ni bure.
,,,"Adela, umeshajifungua? Tafadhali jibu herufi A kama ndiyo au herufi B kama hapana."
,,,Jina lako ni juliana? Kama liko sahihi jibu ujumbe huu kwa kutumia herufi A. Kama haliko sahihi tafadhali nitumie jina lako sahihi.
,,,Habari yako juliana? Natumaini u mzima wa afya. Punde nitakuhoji kwa ufupi kusaidia uboreshwaji wa huduma za afya. Huduma hii ni bure.
,,,"juliana, wewe ni mjamzito kwa sasa? Kama ndiyo, jibu kwa kutumia  herufi A. Kama hapana tafadhali jibu kwa kutumia herufi B. Kama tayari umeshajifungua jibu kwa kutumia herufi C."
,,,"Asante sana Adela, sasa nitakuhoji jinsi matembezi yako kwenye kituo cha afya cha Mpanda (Rungwe) yalivyokuwa."
,,,"Je, Adela ulijifungulia kitandani? Tafadhali jibu herufi A kama ndiyo au herufi B kama hapana."
,,,"Asante sana Matha, sasa nitakuhoji jinsi matembezi yako kwenye kituo cha afya cha Masoko (Rungwe) yalivyokuwa."
,,,"Je, Matha ulijifungulia kitandani? Tafadhali jibu herufi A kama ndiyo au herufi B kama hapana."
,,,"juliana, ujauzito wako una muda gani? Tafadhali jibu kwa kunitajia miezi ya ujauzito wako."
,,,"Asante sana neema, sasa nitakuhoji jinsi matembezi yako kwenye kituo cha afya cha Idundilanga (Njombe) yalivyokuwa."
,,,"Je, neema ulipewa dawa yoyote? Tafadhali jibu herufi A kama ndiyo au herufi B kama hapana."
,,,Tafadhali juliana niambie namba ya utambulisho ya kituo cha afya ulichokwenda (tarakimu saba).
,,,"Mama,miez 5,1091669"
,,,Karibu tena kwenye mpango wa Mama na Mwana Upendo. Nipo nasubiri kusikia jinsi matembezi yako kwenye kituo cha afya yalivyokuwa.
,,,Kituo cha afya ulichokwenda ni Itende (Mbeya)? Tafadhali jibu herufi A kama ndiyo au herufi B kama hapana.
,,,"Asante sana juliana, sasa nitakuhoji jinsi matembezi yako kwenye kituo cha afya cha Itende (Mbeya) yalivyokuwa."
,,,"Je, juliana ulipewa dawa yoyote? Tafadhali jibu herufi A kama ndiyo au herufi B kama hapana."
,,,Jina lako ni Fedina? Kama liko sahihi jibu ujumbe huu kwa kutumia herufi A. Kama haliko sahihi tafadhali nitumie jina lako sahihi.
,,, . anaetokea timu Ya German kati ya hawa? Mario Gotze  
,,,Unguja kasikan magharibi
,,,"Asante sana SHELISTER. Nitaongea na wewe tena, kupata maoni yako kuhusu huduma za baadaye za kliniki utakazopata. Kumbuka kufuata ratiba uliyopewa ya kuhudhuria kliniki."
,,,"Je, neema ulipimwa presha (shinikizo la damu) na kipimo kuandikwa kwenye kadi yako ya kliniki? Tafadhali jibu herufi A kama ndiyo au herufi B kama hapana."
,,,Jina lako ni MODESTER? Kama liko sahihi jibu ujumbe huu kwa kutumia herufi A. Kama haliko sahihi tafadhali nitumie jina lako sahihi.
,,,Habari yako MODESTER? Natumaini u mzima wa afya. Punde nitakuhoji kwa ufupi kusaidia uboreshwaji wa huduma za afya. Huduma hii ni bure.
,,,"MODESTER, umeshajifungua? Tafadhali jibu herufi A kama ndiyo au herufi B kama hapana."
,,,"Samahani jibu lako haijaeleweka. Unaishi Wilaya gani kwa sasa?
A. Magharibi 
B. Mjini"
,,,"Je, neema chumba/eneo la kungojea huduma lilikuwa na nafasi ya kutosha kupumzika? Tafadhali jibu herufi A kama ndiyo au herufi B kama hapana."
,,,"Asante sana Adela. Nitaongea na wewe tena, kupata maoni yako kuhusu huduma za baadaye za kliniki utakazopata. Kumbuka kufuata ratiba uliyopewa ya kuhudhuria kliniki."
,,,"Je, juliana ulipimwa presha (shinikizo la damu) na kipimo kuandikwa kwenye kadi yako ya kliniki? Tafadhali jibu herufi A kama ndiyo au herufi B kama hapana."
,,,"Asante sana MODESTER, sasa nitakuhoji jinsi matembezi yako kwenye kituo cha afya cha Makoga (Wanging'ombe) yalivyokuwa."
,,,"Je, MODESTER ulijifungulia kitandani? Tafadhali jibu herufi A kama ndiyo au herufi B kama hapana."
,,,Mama 7 1097450 0628176886
,,,"Je, juliana chumba/eneo la kungojea huduma lilikuwa na nafasi ya kutosha kupumzika? Tafadhali jibu herufi A kama ndiyo au herufi B kama hapana."
,,,"Prisca, wewe ni mjamzito kwa sasa? Kama ndiyo, jibu kwa kutumia  herufi A. Kama hapana tafadhali jibu kwa kutumia herufi B. Kama tayari umeshajifungua jibu kwa kutumia herufi C."
,,,KUTOA ELIMU YA KUJITAMBUA KATIKA FAMILIA KWA UJUMLA
,,,"Je, neema watoa huduma wa afya walikuwa wasikivu kwako wakati wa uchunguzi? Tafadhali jibu herufi A kama ndiyo, au herufi B kama hapana, au herufi C kama usingependa kujibu swali hili."
,,,"Je, juliana watoa huduma wa afya walikuwa wasikivu kwako wakati wa uchunguzi? Tafadhali jibu herufi A kama ndiyo, au herufi B kama hapana, au herufi C kama usingependa kujibu swali hili."
,,,Tafadhali Prisca niambie namba ya utambulisho ya kituo cha afya ulichokwenda (tarakimu saba).
,,,"Asante sana Prisca, sasa nitakuhoji jinsi matembezi yako kwenye kituo cha afya cha Idundilanga (Njombe) yalivyokuwa."
,,,"Asante sana juliana. Nitaongea na wewe tena, kupata maoni yako kuhusu huduma za baadaye za kliniki utakazopata. Kumbuka kufuata ratiba uliyopewa ya kuhudhuria kliniki."
,,,Mama 1094450 0766513231
,,,Karibu tena kwenye mpango wa Mama na Mwana Shoma. Nipo nasubiri kusikia jinsi matembezi yako kwenye kituo cha afya yalivyokuwa.
,,,Jina lako ni Shoma? Kama liko sahihi jibu ujumbe huu kwa kutumia herufi A. Kama haliko sahihi tafadhali nitumie jina lako sahihi.
,,,Habari yako Fedina? Natumaini u mzima wa afya. Punde nitakuhoji kwa ufupi kusaidia uboreshwaji wa huduma za afya. Huduma hii ni bure.
,,,"Fedina, wewe ni mjamzito kwa sasa? Kama ndiyo, jibu kwa kutumia  herufi A. Kama hapana tafadhali jibu kwa kutumia herufi B. Kama tayari umeshajifungua jibu kwa kutumia herufi C."
,,,"Fedina, ujauzito wako una muda gani? Tafadhali jibu kwa kunitajia miezi ya ujauzito wako."
,,,Elizabeth Ngumbi
,,,"Asante sana MODESTER. Nitaongea na wewe tena, kupata maoni yako kuhusu huduma za baadaye za kliniki utakazopata. Kumbuka kufuata ratiba uliyopewa ya kuhudhuria kliniki."
,,,Karibu tena kwenye mpango wa Mama na Mwana mariamu. Nipo nasubiri kusikia jinsi matembezi yako kwenye kituo cha afya yalivyokuwa.
,,,Jina lako ni mariamu? Kama liko sahihi jibu ujumbe huu kwa kutumia herufi A. Kama haliko sahihi tafadhali nitumie jina lako sahihi.
,,,"Asante sana Fedina, sasa nitakuhoji jinsi matembezi yako kwenye kituo cha afya cha Ifumbo (Chunya) yalivyokuwa."
,,,"Je, Fedina ulipewa dawa yoyote? Tafadhali jibu herufi A kama ndiyo au herufi B kama hapana."
,,,"Asante sana Elizabeth, sasa nitakuhoji jinsi matembezi yako kwenye kituo cha afya cha Mabadaga (Mbarali) yalivyokuwa."
,,,Jina lako ni LEA? Kama liko sahihi jibu ujumbe huu kwa kutumia herufi A. Kama haliko sahihi tafadhali nitumie jina lako sahihi.
,,,"Ashura, wewe ni mjamzito kwa sasa? Kama ndiyo, jibu kwa kutumia  herufi A. Kama hapana tafadhali jibu kwa kutumia herufi B. Kama tayari umeshajifungua jibu kwa kutumia herufi C."
,,,Habari yako LEA? Natumaini u mzima wa afya. Punde nitakuhoji kwa ufupi kusaidia uboreshwaji wa huduma za afya. Huduma hii ni bure.
,,,"LEA, umeshajifungua? Tafadhali jibu herufi A kama ndiyo au herufi B kama hapana."
,,,"Ashura, ujauzito wako una muda gani? Tafadhali jibu kwa kunitajia miezi ya ujauzito wako."
,,,"Asante sana LEA, sasa nitakuhoji jinsi matembezi yako kwenye kituo cha afya cha Makoga (Wanging'ombe) yalivyokuwa."
,,,"Je, LEA ulijifungulia kitandani? Tafadhali jibu herufi A kama ndiyo au herufi B kama hapana."
,,,MTU AKIULIZA UREPORT NI NIN
,,,"Asante sana Ashura, sasa nitakuhoji jinsi matembezi yako kwenye kituo cha afya cha Itende (Mbeya) yalivyokuwa."
,,,"Je, Ashura ulipewa dawa yoyote? Tafadhali jibu herufi A kama ndiyo au herufi B kama hapana."
,,,Jina lako ni ATTU? Kama liko sahihi jibu ujumbe huu kwa kutumia herufi A. Kama haliko sahihi tafadhali nitumie jina lako sahihi.
,,,"Frida, ujauzito wako una muda wa miezi 5? Kama uko sahihi jibu ujumbe huu kwa kutumia herufi A. Kama hauko sahihi tafadhali jibu kwa kutumia herufi B. Kama tayari umeshajifungua jibu kwa kutumia herufi C."
,,,Habari yako ATTU? Natumaini u mzima wa afya. Punde nitakuhoji kwa ufupi kusaidia uboreshwaji wa huduma za afya. Huduma hii ni bure.
,,,"ATTU, umeshajifungua? Tafadhali jibu herufi A kama ndiyo au herufi B kama hapana."
,,,"Je, Ashura ulipimwa presha (shinikizo la damu) na kipimo kuandikwa kwenye kadi yako ya kliniki? Tafadhali jibu herufi A kama ndiyo au herufi B kama hapana."
,,,"Je, Ashura chumba/eneo la kungojea huduma lilikuwa na nafasi ya kutosha kupumzika? Tafadhali jibu herufi A kama ndiyo au herufi B kama hapana."
,,,"Asante sana ATTU, sasa nitakuhoji jinsi matembezi yako kwenye kituo cha afya cha Makoga (Wanging'ombe) yalivyokuwa."
,,,"Je, ATTU ulijifungulia kitandani? Tafadhali jibu herufi A kama ndiyo au herufi B kama hapana."
,,,Karibu tena kwenye mpango wa Mama na Mwana Esta. Nipo nasubiri kusikia jinsi matembezi yako kwenye kituo cha afya yalivyokuwa.
,,,NIMESUBILI UJUMBE WENU
,,,"Betha, umeshajifungua? Tafadhali jibu herufi A kama ndiyo au herufi B kama hapana."
,,,"Asante sana Frida, sasa nitakuhoji jinsi matembezi yako kwenye kituo cha afya cha 514KJ (Njombe) yalivyokuwa."
,,,"Je, Ashura watoa huduma wa afya walikuwa wasikivu kwako wakati wa uchunguzi? Tafadhali jibu herufi A kama ndiyo, au herufi B kama hapana, au herufi C kama usingependa kujibu swali hili."
,,,"Je, Frida ulipewa dawa yoyote? Tafadhali jibu herufi A kama ndiyo au herufi B kama hapana."
,,,Jina lako ni EMMY? Kama liko sahihi jibu ujumbe huu kwa kutumia herufi A. Kama haliko sahihi tafadhali nitumie jina lako sahihi.
,,,Habari yako EMMY? Natumaini u mzima wa afya. Punde nitakuhoji kwa ufupi kusaidia uboreshwaji wa huduma za afya. Huduma hii ni bure.
,,,"EMMY, umeshajifungua? Tafadhali jibu herufi A kama ndiyo au herufi B kama hapana."
,,,"Asante sana LEA. Nitaongea na wewe tena, kupata maoni yako kuhusu huduma za baadaye za kliniki utakazopata. Kumbuka kufuata ratiba uliyopewa ya kuhudhuria kliniki."
,,,"Asante sana Betha, sasa nitakuhoji jinsi matembezi yako kwenye kituo cha afya cha Mpanda (Rungwe) yalivyokuwa."
,,,"Je, Betha ulijifungulia kitandani? Tafadhali jibu herufi A kama ndiyo au herufi B kama hapana."
,,,Jina lako ni FARIJIKA? Kama liko sahihi jibu ujumbe huu kwa kutumia herufi A. Kama haliko sahihi tafadhali nitumie jina lako sahihi.
,,,Habari yako FARIJIKA? Natumaini u mzima wa afya. Punde nitakuhoji kwa ufupi kusaidia uboreshwaji wa huduma za afya. Huduma hii ni bure.
,,,"FARIJIKA, umeshajifungua? Tafadhali jibu herufi A kama ndiyo au herufi B kama hapana."
,,,SHANGAMOTO YANGU NA MTAKA DADA ANGU EIZA NDAUKA NATAKA AJE IRINGA MIMI EDI APA 0714736592
,,,"Asante sana EMMY, sasa nitakuhoji jinsi matembezi yako kwenye kituo cha afya cha Izumbwe (Mbeya) yalivyokuwa."
,,,"Je, EMMY ulijifungulia kitandani? Tafadhali jibu herufi A kama ndiyo au herufi B kama hapana."
,,,"Asante sana FARIJIKA, sasa nitakuhoji jinsi matembezi yako kwenye kituo cha afya cha Makoga (Wanging'ombe) yalivyokuwa."
,,,"Je, FARIJIKA ulijifungulia kitandani? Tafadhali jibu herufi A kama ndiyo au herufi B kama hapana."
,,,Kituo cha afya ulichokwenda ni Mwakaleli (Rungwe)? Tafadhali jibu herufi A kama ndiyo au herufi B kama hapana.
,,,"Asante sana Esta, sasa nitakuhoji jinsi matembezi yako kwenye kituo cha afya cha Ninga (Njombe) yalivyokuwa."
,,,"AGNES, ujauzito wako una muda wa miezi 5? Kama uko sahihi jibu ujumbe huu kwa kutumia herufi A. Kama hauko sahihi tafadhali jibu kwa kutumia herufi B. Kama tayari umeshajifungua jibu kwa kutumia herufi C."
,,,Kituo cha afya ulichokwenda ni Ikama (Rungwe)? Tafadhali jibu herufi A kama ndiyo au herufi B kama hapana.
,,,Nimeshindwa kupata kituo kinachoitwa 1037654. Tafadhali niambie kituo ulichokwenda kwa jina lake linalotambulika.
,,,"Asante sana AGNES, sasa nitakuhoji jinsi matembezi yako kwenye kituo cha afya cha Ikama (Rungwe) yalivyokuwa."
,,,Jina lako ni LENIDA? Kama liko sahihi jibu ujumbe huu kwa kutumia herufi A. Kama haliko sahihi tafadhali nitumie jina lako sahihi.
,,,Najua mambo mengi na changamoto ususan kwa hospital za mkoa kuwa na garama zinazoweza mtu kutokutibiwa mpaka kuimarika afya kutokana na gharama zinazotozwa kwann ?Serikal isiboreshe sekta ya afya ili utatuzi uwepo .
,,,"Kati ya vituo vifuatavyo, ulipata huduma za kliniki kwenye kituo gani? Jibu kwa kutuma namba za utambulisho wa kituo zilizo ndani ya mabano. Luteba - Luteba (1037654), Udekwa - Udekwa (1080076), Amen - Ngara Mjini (1116813)"
,,,Habari yako LENIDA? Natumaini u mzima wa afya. Punde nitakuhoji kwa ufupi kusaidia uboreshwaji wa huduma za afya. Huduma hii ni bure.
,,,"LENIDA, ujauzito wako una muda wa miezi 3? Kama uko sahihi jibu ujumbe huu kwa kutumia herufi A. Kama hauko sahihi tafadhali jibu kwa kutumia herufi B. Kama tayari umeshajifungua jibu kwa kutumia herufi C."
,,,Jina lako ni AGNECY? Kama liko sahihi jibu ujumbe huu kwa kutumia herufi A. Kama haliko sahihi tafadhali nitumie jina lako sahihi.
,,,Kituo cha afya ulichokwenda ni Ikuti (Rungwe)? Tafadhali jibu herufi A kama ndiyo au herufi B kama hapana.
,,,Habari yako AGNECY? Natumaini u mzima wa afya. Punde nitakuhoji kwa ufupi kusaidia uboreshwaji wa huduma za afya. Huduma hii ni bure.
,,,"AGNECY, umeshajifungua? Tafadhali jibu herufi A kama ndiyo au herufi B kama hapana."
,,,"Je, Frida ulipimwa presha (shinikizo la damu) na kipimo kuandikwa kwenye kadi yako ya kliniki? Tafadhali jibu herufi A kama ndiyo au herufi B kama hapana."
,,,Karibu tena kwenye mpango wa Mama na Mwana YUSTINA. Nipo nasubiri kusikia jinsi matembezi yako kwenye kituo cha afya yalivyokuwa.
,,,"Asante sana LENIDA, sasa nitakuhoji jinsi matembezi yako kwenye kituo cha afya cha Ikuti (Rungwe) yalivyokuwa."
,,,"Asante sana ESTER, sasa nitakuhoji jinsi matembezi yako kwenye kituo cha afya cha Luteba (Rungwe) yalivyokuwa."
,,,"Je, ESTER ulijifungulia kitandani? Tafadhali jibu herufi A kama ndiyo au herufi B kama hapana."
,,,"Asante sana EMMY. Nitaongea na wewe tena, kupata maoni yako kuhusu huduma za baadaye za kliniki utakazopata. Kumbuka kufuata ratiba uliyopewa ya kuhudhuria kliniki."
,,,"YUSTINA, wewe ni mjamzito kwa sasa? Kama ndiyo, jibu kwa kutumia  herufi A. Kama hapana tafadhali jibu kwa kutumia herufi B. Kama tayari umeshajifungua jibu kwa kutumia herufi C."
,,,"Je, Frida chumba/eneo la kungojea huduma lilikuwa na nafasi ya kutosha kupumzika? Tafadhali jibu herufi A kama ndiyo au herufi B kama hapana."
,,,"Asante sana AGNECY, sasa nitakuhoji jinsi matembezi yako kwenye kituo cha afya cha Makoga (Wanging'ombe) yalivyokuwa."
,,,"Je, AGNECY ulijifungulia kitandani? Tafadhali jibu herufi A kama ndiyo au herufi B kama hapana."
,,,WILAYA YA KASKAZINI
,,,"Asante sana YUSTINA, sasa nitakuhoji jinsi matembezi yako kwenye kituo cha afya cha Igwachanya (Wanging'ombe) yalivyokuwa."
,,,"Je, YUSTINA ulijifungulia kitandani? Tafadhali jibu herufi A kama ndiyo au herufi B kama hapana."
,,,"Janeth, ujauzito wako una muda wa miezi 5? Kama uko sahihi jibu ujumbe huu kwa kutumia herufi A. Kama hauko sahihi tafadhali jibu kwa kutumia herufi B. Kama tayari umeshajifungua jibu kwa kutumia herufi C."
,,,"Asante sana FARIJIKA. Nitaongea na wewe tena, kupata maoni yako kuhusu huduma za baadaye za kliniki utakazopata. Kumbuka kufuata ratiba uliyopewa ya kuhudhuria kliniki."
,,,Jina lako ni OMBENI? Kama liko sahihi jibu ujumbe huu kwa kutumia herufi A. Kama haliko sahihi tafadhali nitumie jina lako sahihi.
,,,Habari yako OMBENI? Natumaini u mzima wa afya. Punde nitakuhoji kwa ufupi kusaidia uboreshwaji wa huduma za afya. Huduma hii ni bure.
,,,"OMBENI, umeshajifungua? Tafadhali jibu herufi A kama ndiyo au herufi B kama hapana."
,,,"Asante sana Janeth, sasa nitakuhoji jinsi matembezi yako kwenye kituo cha afya cha Kiwanja Mpaka (Mbeya) yalivyokuwa."
,,,Mama 7 1094450 07562448
,,,"Asante sana OMBENI, sasa nitakuhoji jinsi matembezi yako kwenye kituo cha afya cha Makoga (Wanging'ombe) yalivyokuwa."
,,,"Je, OMBENI ulijifungulia kitandani? Tafadhali jibu herufi A kama ndiyo au herufi B kama hapana."
,,,"Ulipata huduma hii kituo cha Kalobe (Mbeya)? Tafadhali jibu ndio au hapana, kwa swali hili."
,,,JE! U-report Mnafika Kutembelea Mikoani?
,,,Ulipata huduma hii kituo cha Kalobe (Mbeya)? Tafadhali jibu ndio au hapana kwa swali hili
,,,ndio nimejifungua
,,,"Je, LENIDA ulipewa dawa yoyote? Tafadhali jibu herufi A kama ndiyo au herufi B kama hapana."
,,,ongeya miminataka kwa kiswahili
,,,"Je, Frida watoa huduma wa afya walikuwa wasikivu kwako wakati wa uchunguzi? Tafadhali jibu herufi A kama ndiyo, au herufi B kama hapana, au herufi C kama usingependa kujibu swali hili."
,,,"MAMA.9.1017326,0745506534"
,,,Ulipata huduma hii kituo cha Lukasi (Rungwe)? Tafadhali jibu ndio au hapana kwa swali hili
,,,Ilikuwa Kiongozi Wa U-report Mkoani Inakuaje?
,,,"Samahani, sijaelewa jibu lako. Tafadhali jibu:
A. Zaidi
B. Rudi kwenye menyu kuu"
,,,Mama 7 1097450 0756244822
,,,Karibu tena kwenye mpango wa Mama na Mwana Elizabeth. Nipo nasubiri kusikia jinsi matembezi yako kwenye kituo cha afya yalivyokuwa.
,,,Jina lako ni THOBADINA? Kama liko sahihi jibu ujumbe huu kwa kutumia herufi A. Kama haliko sahihi tafadhali nitumie jina lako sahihi.
,,,muda bado tulipangiwa 25 mwez huu
,,,Habari yako THOBADINA? Natumaini u mzima wa afya. Punde nitakuhoji kwa ufupi kusaidia uboreshwaji wa huduma za afya. Huduma hii ni bure.
,,,"THOBADINA, umeshajifungua? Tafadhali jibu herufi A kama ndiyo au herufi B kama hapana."
,,,NIISHI WILAYA YA KASIKAZINI B
,,,Jina lako ni Shija? Kama liko sahihi jibu ujumbe huu kwa kutumia herufi A. Kama haliko sahihi tafadhali nitumie jina lako sahihi.
,,,Mjadala Unaanza Lini?
,,,Habari yako Shija? Natumaini u mzima wa afya. Punde nitakuhoji kwa ufupi kusaidia uboreshwaji wa huduma za afya. Huduma hii ni bure.
,,,"Shija, wewe ni mjamzito kwa sasa? Kama ndiyo, jibu kwa kutumia  herufi A. Kama hapana tafadhali jibu kwa kutumia herufi B. Kama tayari umeshajifungua jibu kwa kutumia herufi C."
,,,"Asante sana THOBADINA, sasa nitakuhoji jinsi matembezi yako kwenye kituo cha afya cha Makoga (Wanging'ombe) yalivyokuwa."
,,,"Je, THOBADINA ulijifungulia kitandani? Tafadhali jibu herufi A kama ndiyo au herufi B kama hapana."
,,,"Shija, ujauzito wako una muda gani? Tafadhali jibu kwa kunitajia miezi ya ujauzito wako."
,,,Jina lako ni Osheni? Kama liko sahihi jibu ujumbe huu kwa kutumia herufi A. Kama haliko sahihi tafadhali nitumie jina lako sahihi.
,,,"Samahani. Tafadhali andika namba (tarakimu) ya mara ngapi umeshaenda kituo cha afya baada ya kujifungua. Kwa mfano, kama umeenda mara mbili, andika 2."
,,,Asante Nimejifungua Watoto Wawili
,,,Panapenda uelimishwa juu ya U?REPORT
,,,Habari yako Osheni? Natumaini u mzima wa afya. Punde nitakuhoji kwa ufupi kusaidia uboreshwaji wa huduma za afya. Huduma hii ni bure.
,,,"Osheni, ujauzito wako una muda wa miezi 7? Kama uko sahihi jibu ujumbe huu kwa kutumia herufi A. Kama hauko sahihi tafadhali jibu kwa kutumia herufi B. Kama tayari umeshajifungua jibu kwa kutumia herufi C."
,,,"Asante sana Shija, sasa nitakuhoji jinsi matembezi yako kwenye kituo cha afya cha Mabadaga (Mbarali) yalivyokuwa."
,,,"Asante sana JOYCE, sasa nitakuhoji jinsi matembezi yako kwenye kituo cha afya cha Idundilanga (Njombe) yalivyokuwa."
,,,meta hospital mbeya.hospital ya wazazi
,,,Sijapata kituo cha afya chenye jina meta kilicho wilaya ya meta hospital mbeya.hospital ya wazazi. Tafadhali niambie wilaya kilipo.
,,,Jina lako ni JERUMANA? Kama liko sahihi jibu ujumbe huu kwa kutumia herufi A. Kama haliko sahihi tafadhali nitumie jina lako sahihi.
,,,"Je, Shija ulipewa dawa yoyote? Tafadhali jibu herufi A kama ndiyo au herufi B kama hapana."
,,,"Osheni, ujauzito wako una muda gani? Tafadhali jibu kwa kunitajia miezi ya ujauzito wako."
,,,Habari yako JERUMANA? Natumaini u mzima wa afya. Punde nitakuhoji kwa ufupi kusaidia uboreshwaji wa huduma za afya. Huduma hii ni bure.
,,,"JERUMANA, umeshajifungua? Tafadhali jibu herufi A kama ndiyo au herufi B kama hapana."
,,,"Asante sana JERUMANA, sasa nitakuhoji jinsi matembezi yako kwenye kituo cha afya cha Makoga (Wanging'ombe) yalivyokuwa."
,,,"Je, JERUMANA ulijifungulia kitandani? Tafadhali jibu herufi A kama ndiyo au herufi B kama hapana."
,,,ONGEYA     NO   15070
,,,Sijapata kituo cha afya chenye jina meta kilicho wilaya ya mbeya mjini. Tafadhali niambie wilaya kilipo.
,,,Karibu tena kwenye mpango wa Mama na Mwana ESTER. Nipo nasubiri kusikia jinsi matembezi yako kwenye kituo cha afya yalivyokuwa.
,,,Karibu tena kwenye mpango wa Mama na Mwana Bahait. Nipo nasubiri kusikia jinsi matembezi yako kwenye kituo cha afya yalivyokuwa.
,,,Jina lako ni Bahait? Kama liko sahihi jibu ujumbe huu kwa kutumia herufi A. Kama haliko sahihi tafadhali nitumie jina lako sahihi.
,,,"Edina, wewe ni mjamzito kwa sasa? Kama ndiyo, jibu kwa kutumia  herufi A. Kama hapana tafadhali jibu kwa kutumia herufi B. Kama tayari umeshajifungua jibu kwa kutumia herufi C."
,,,"Edina, ujauzito wako una muda gani? Tafadhali jibu kwa kunitajia miezi ya ujauzito wako."
,,,"Asante sana THOBADINA. Nitaongea na wewe tena, kupata maoni yako kuhusu huduma za baadaye za kliniki utakazopata. Kumbuka kufuata ratiba uliyopewa ya kuhudhuria kliniki."
,,,"Je, Shija ulipimwa presha (shinikizo la damu) na kipimo kuandikwa kwenye kadi yako ya kliniki? Tafadhali jibu herufi A kama ndiyo au herufi B kama hapana."
,,,Nilisafir. pia mm swala la kuhudhuria klinik ninalipenda sana na wala sikatai niko mbal mm ni fund wash.
,,,Samahani Edina sijaelewa jibu lako. Kama ujauzito wako unaendelea vizuri jibu kwa kutumia herufi A. Kama tayari umeshajifungua jibu kwa kutumia herufi B. Kama ujauzito wako uliharibika jibu kwa kutumia herufi C.
